model_name,aggregation,k,recall_at_k,hr_at_k,ndcg_at_k
mf,product,5,0.0,0.8069815195071869,0.5127068307998565
mf,harmonic,5,0.0,0.7946611909650924,0.49819977306838537
neumf,product,5,0.0,0.8316221765913757,0.5803800027533044
neumf,harmonic,5,0.0,0.8316221765913757,0.5806433133822655
