model_name,aggregation,k,recall_at_k,hr_at_k,ndcg_at_k
mf,product,5,0.003482587064676617,0.7936344969199178,0.49495129476269134
mf,harmonic,5,0.002238805970149254,0.7669404517453798,0.46510098365179575
neumf,product,5,0.002238805970149254,0.47638603696098564,0.2852964448673012
neumf,harmonic,5,0.002238805970149254,0.4794661190965092,0.28648061610997766
